Timestamp:,IP Address:,Page:
29/07/2022 04:36:45,127.0.0.1,
29/07/2022 04:36:46,127.0.0.1,
29/07/2022 11:51:37,10.1.4.48,
29/07/2022 11:53:10,10.1.46.171,
29/07/2022 12:00:06,10.1.93.245,
29/07/2022 12:00:30,10.1.5.199,
29/07/2022 12:00:36,10.1.20.167,
29/07/2022 12:01:02,10.1.5.199,
29/07/2022 05:07:44,127.0.0.1,
29/07/2022 12:12:11,213.58.234.210,
29/07/2022 12:16:31,213.58.234.210,
29/07/2022 12:16:33,193.137.37.180,
29/07/2022 12:19:19,31.4.214.64,
29/07/2022 12:19:22,212.142.160.100,
29/07/2022 13:22:44,127.0.0.1,
29/07/2022 12:22:50,84.241.202.64,
29/07/2022 13:25:16,213.58.234.210,
29/07/2022 13:25:58,193.137.37.180,
29/07/2022 13:29:52,172.58.107.51,
29/07/2022 13:31:25,90.167.255.195,
29/07/2022 13:32:12,193.137.30.93,
29/07/2022 13:32:13,193.137.37.182,
29/07/2022 13:32:13,193.137.37.182,
29/07/2022 13:34:54,193.137.37.180,
29/07/2022 13:38:21,193.137.30.93,
29/07/2022 13:38:26,193.137.159.144,
29/07/2022 13:40:04,193.137.30.93,
29/07/2022 13:40:33,194.210.211.211,
29/07/2022 13:40:34,193.137.158.175,
29/07/2022 13:40:52,174.194.145.176,
29/07/2022 13:42:45,194.210.211.97,
29/07/2022 13:45:18,213.58.234.210,
29/07/2022 13:45:22,194.210.208.245,
29/07/2022 13:45:24,213.30.5.9,
29/07/2022 13:46:42,127.0.0.1,landing
29/07/2022 13:46:42,127.0.0.1,landing
29/07/2022 13:46:42,127.0.0.1,landing
29/07/2022 13:47:09,127.0.0.1,results
29/07/2022 13:47:30,45.90.61.2,
29/07/2022 13:49:46,193.137.37.182,
29/07/2022 13:50:31,127.0.0.1,landing
29/07/2022 13:50:32,127.0.0.1,landing
29/07/2022 13:50:40,127.0.0.1,results
29/07/2022 13:52:15,31.13.115.119,
29/07/2022 13:52:50,31.13.127.24,
29/07/2022 13:53:04,193.137.30.93,
29/07/2022 13:53:48,193.137.30.93,results
29/07/2022 13:53:48,193.137.30.93,results
29/07/2022 13:53:57,213.58.234.210,landing
29/07/2022 13:54:07,213.58.234.210,results
29/07/2022 13:54:09,193.137.30.93,results
29/07/2022 13:54:31,193.137.30.93,results
29/07/2022 13:55:30,87.103.19.112,landing
29/07/2022 13:55:51,193.137.37.182,landing
29/07/2022 13:56:12,193.137.37.182,results
29/07/2022 13:56:44,193.137.37.182,results
29/07/2022 14:02:35,45.90.62.113,landing
29/07/2022 14:04:43,193.137.37.181,landing
29/07/2022 14:04:47,212.113.172.5,landing
29/07/2022 14:05:59,193.137.37.181,landing
29/07/2022 14:06:02,80.233.57.187,landing
29/07/2022 14:07:15,80.233.49.187,results
29/07/2022 14:07:50,80.233.49.187,results
29/07/2022 14:07:59,80.233.49.187,results
29/07/2022 14:08:17,80.233.57.187,results
29/07/2022 14:08:31,80.233.57.187,landing
29/07/2022 14:09:11,193.137.37.182,results
29/07/2022 14:10:24,104.28.87.88,landing
29/07/2022 14:10:37,104.28.87.88,landing
29/07/2022 14:11:23,193.137.37.182,results
29/07/2022 14:11:57,193.137.37.182,results
29/07/2022 14:12:15,193.137.159.149,landing
29/07/2022 14:16:39,193.137.37.182,landing
29/07/2022 14:17:16,193.137.37.182,results
29/07/2022 14:17:31,193.137.37.180,landing
29/07/2022 14:17:35,193.137.37.182,results
29/07/2022 14:17:47,193.137.37.180,results
29/07/2022 14:18:00,193.137.37.180,results
29/07/2022 14:18:21,193.137.37.182,results
29/07/2022 14:20:33,172.58.139.97,landing
29/07/2022 14:20:44,172.58.139.97,landing
29/07/2022 14:21:02,54.170.192.250,landing
29/07/2022 14:21:57,193.137.37.180,landing
29/07/2022 14:22:32,172.58.139.97,landing
29/07/2022 14:22:34,173.252.107.14,landing
29/07/2022 14:22:34,173.252.107.118,landing
29/07/2022 14:24:07,193.137.37.180,landing
29/07/2022 14:24:11,172.58.139.97,landing
29/07/2022 14:24:36,193.137.158.39,landing
29/07/2022 14:24:42,172.58.139.97,landing
29/07/2022 14:27:47,193.137.159.149,landing
29/07/2022 14:27:59,193.137.159.149,landing
29/07/2022 14:28:57,193.137.37.182,landing
29/07/2022 14:29:07,193.137.37.182,landing
29/07/2022 14:30:08,75.33.72.224,landing
29/07/2022 14:30:46,193.137.37.182,results
29/07/2022 14:30:49,212.113.167.166,results
29/07/2022 14:32:41,193.137.37.180,landing
29/07/2022 14:32:57,95.127.249.29,landing
29/07/2022 14:33:27,193.137.37.180,results
29/07/2022 14:33:45,193.137.37.180,results
29/07/2022 14:34:21,193.137.37.181,landing
29/07/2022 14:34:55,193.137.37.182,landing
29/07/2022 14:35:08,47.60.34.42,landing
29/07/2022 14:35:18,193.137.37.181,results
29/07/2022 14:35:22,193.137.37.182,results
29/07/2022 14:35:30,193.137.37.182,results
29/07/2022 14:35:44,193.137.37.181,results
29/07/2022 14:35:44,193.137.37.181,results
29/07/2022 14:35:45,193.137.37.181,results
29/07/2022 14:35:45,193.137.37.182,results
29/07/2022 14:35:51,193.137.37.182,results
29/07/2022 14:36:03,193.137.37.182,results
29/07/2022 14:36:30,47.60.34.42,results
29/07/2022 14:39:11,193.137.37.181,landing
29/07/2022 14:40:28,148.69.198.251,results
29/07/2022 14:40:38,148.69.198.251,landing
29/07/2022 14:41:03,107.116.79.107,landing
29/07/2022 14:42:41,193.137.37.182,landing
29/07/2022 14:43:38,193.137.37.182,results
29/07/2022 14:44:21,172.58.139.97,landing
29/07/2022 14:44:43,172.58.139.97,results
29/07/2022 14:46:41,193.137.37.182,landing
29/07/2022 14:47:22,193.137.37.182,results
29/07/2022 14:47:23,193.137.37.182,results
29/07/2022 14:48:20,193.137.37.182,results
29/07/2022 14:48:44,193.137.37.182,results
29/07/2022 14:49:48,172.58.139.97,results
29/07/2022 14:49:48,193.137.37.182,results
29/07/2022 14:50:49,193.137.37.182,landing
29/07/2022 14:50:57,193.137.37.182,landing
29/07/2022 14:51:11,172.58.139.97,landing
29/07/2022 14:59:19,193.137.37.182,results
29/07/2022 14:59:30,194.210.209.176,landing
29/07/2022 14:59:47,193.137.30.93,landing
29/07/2022 15:00:09,24.27.121.172,landing
29/07/2022 15:00:35,193.137.30.93,results
29/07/2022 15:01:01,193.137.30.93,results
29/07/2022 15:01:22,193.137.30.93,results
29/07/2022 15:04:17,193.137.37.182,landing
29/07/2022 15:04:45,193.137.37.182,results
29/07/2022 15:05:19,193.137.37.182,results
29/07/2022 15:05:23,193.137.37.182,results
29/07/2022 15:05:51,193.137.37.182,results
29/07/2022 15:05:59,193.137.37.182,landing
29/07/2022 15:06:14,193.137.37.182,results
29/07/2022 15:09:39,193.137.158.225,landing
29/07/2022 15:10:05,193.137.158.225,results
29/07/2022 15:10:08,193.137.37.180,landing
29/07/2022 15:10:24,193.137.158.225,landing
29/07/2022 15:10:40,193.137.37.180,results
29/07/2022 15:14:33,194.210.209.137,landing
29/07/2022 15:14:35,194.210.209.137,landing
29/07/2022 15:16:24,194.210.209.137,results
29/07/2022 15:23:49,193.137.37.182,landing
29/07/2022 15:24:06,193.137.37.182,landing
29/07/2022 15:24:21,193.137.37.182,results
29/07/2022 15:24:38,193.137.37.182,results
29/07/2022 15:25:03,193.137.37.182,results
29/07/2022 15:25:27,193.137.37.182,results
29/07/2022 15:26:38,193.137.37.182,landing
29/07/2022 15:26:49,193.137.37.182,results
29/07/2022 15:27:39,172.58.139.97,landing
29/07/2022 15:27:45,172.58.139.97,results
29/07/2022 16:11:22,213.58.234.210,results
29/07/2022 16:11:34,213.58.234.210,landing
29/07/2022 16:11:45,213.58.234.210,results
29/07/2022 16:12:50,213.58.234.210,results
29/07/2022 16:17:29,83.240.239.58,results
29/07/2022 16:17:49,83.240.239.58,results
29/07/2022 16:17:54,83.240.239.58,results
29/07/2022 16:18:05,83.240.239.58,results
29/07/2022 16:18:15,83.240.239.58,results
29/07/2022 16:18:24,83.240.239.58,results
29/07/2022 16:19:40,99.178.135.103,landing
29/07/2022 16:21:10,61.151.207.117,landing
29/07/2022 16:21:41,99.178.135.103,results
29/07/2022 16:22:02,99.178.135.103,landing
29/07/2022 16:23:02,61.151.207.111,landing
29/07/2022 16:23:08,99.178.135.103,results
29/07/2022 16:24:10,61.151.207.117,results
29/07/2022 16:24:53,99.178.135.103,results
29/07/2022 16:25:05,99.178.135.103,results
29/07/2022 16:25:31,99.178.135.103,results
29/07/2022 16:27:09,99.178.135.103,results
29/07/2022 16:27:32,99.178.135.103,results
29/07/2022 16:29:54,99.178.135.103,results
29/07/2022 16:47:50,99.178.135.103,landing
29/07/2022 16:48:06,99.178.135.103,results
29/07/2022 16:48:23,99.178.135.103,results
29/07/2022 16:48:37,99.178.135.103,results
29/07/2022 16:50:35,99.178.135.103,landing
29/07/2022 16:51:23,99.178.135.103,landing
29/07/2022 16:59:28,213.58.234.218,landing
29/07/2022 16:59:44,213.58.234.218,landing
29/07/2022 17:02:36,213.58.234.203,landing
29/07/2022 17:18:14,45.90.63.149,landing
29/07/2022 17:20:32,213.58.234.210,results
29/07/2022 17:37:17,213.58.234.210,landing
29/07/2022 17:51:33,213.58.234.218,landing
29/07/2022 18:17:25,83.240.202.86,results
29/07/2022 18:29:07,90.166.159.7,landing
29/07/2022 18:29:25,213.58.234.203,landing
29/07/2022 18:31:21,90.166.159.7,results
29/07/2022 18:41:53,213.58.234.203,landing
29/07/2022 18:58:17,31.4.210.93,results
29/07/2022 19:26:49,213.58.234.210,results
29/07/2022 20:16:42,213.58.234.204,landing
29/07/2022 20:32:31,223.118.52.129,landing
29/07/2022 20:33:21,223.118.52.129,results
29/07/2022 21:23:09,89.104.111.13,landing
29/07/2022 21:23:09,89.104.100.136,landing
29/07/2022 23:51:02,89.104.111.227,landing
30/07/2022 00:48:23,94.132.55.194,landing
30/07/2022 00:48:28,94.132.55.194,landing
30/07/2022 01:26:43,81.174.131.125,landing
30/07/2022 01:26:43,193.36.118.250,landing
30/07/2022 01:26:44,199.217.104.232,landing
30/07/2022 01:26:44,216.131.88.5,landing
30/07/2022 01:26:44,51.178.81.195,landing
30/07/2022 01:27:57,18.184.196.42,landing
30/07/2022 01:31:36,199.217.104.232,landing
30/07/2022 01:38:27,146.59.157.229,landing
30/07/2022 01:38:52,146.59.157.229,landing
30/07/2022 01:38:53,146.59.157.229,landing
30/07/2022 01:39:32,146.59.157.229,landing
30/07/2022 01:40:09,146.59.157.229,landing
30/07/2022 02:19:37,172.58.109.100,landing
30/07/2022 02:20:58,172.58.109.80,results
30/07/2022 02:20:59,31.13.127.13,results
30/07/2022 02:21:00,31.13.127.116,results
30/07/2022 02:21:01,31.13.127.12,results
30/07/2022 02:21:02,31.13.127.116,results
30/07/2022 02:21:02,31.13.127.8,results
30/07/2022 02:21:03,31.13.127.13,results
30/07/2022 02:21:04,31.13.127.8,results
30/07/2022 02:25:32,45.90.63.253,landing
30/07/2022 03:32:41,51.195.216.255,landing
30/07/2022 03:32:42,51.195.216.255,landing
30/07/2022 03:32:43,51.195.216.255,landing
30/07/2022 03:32:46,51.195.216.255,landing
30/07/2022 03:32:46,51.195.216.255,landing
30/07/2022 03:37:21,80.120.129.210,landing
30/07/2022 03:38:05,62.48.178.30,results
30/07/2022 04:34:33,166.137.125.125,landing
30/07/2022 05:22:56,54.36.162.160,landing
30/07/2022 06:00:25,176.53.219.254,landing
30/07/2022 06:35:59,89.104.101.106,landing
30/07/2022 07:19:23,54.36.162.160,landing
30/07/2022 07:21:36,54.36.162.160,landing
30/07/2022 07:21:36,54.36.162.160,landing
30/07/2022 07:21:40,54.36.162.160,landing
30/07/2022 07:21:43,54.36.162.160,landing
30/07/2022 07:31:41,93.158.90.70,landing
30/07/2022 07:39:29,206.189.247.132,landing
30/07/2022 07:39:29,205.185.222.19,landing
30/07/2022 07:39:32,102.165.41.16,landing
30/07/2022 07:59:48,111.13.63.123,landing
30/07/2022 07:59:49,111.13.63.123,landing
30/07/2022 08:09:09,176.53.217.100,landing
30/07/2022 09:58:55,164.68.96.236,landing
30/07/2022 10:15:45,3.19.65.115,landing
30/07/2022 10:23:00,206.204.56.205,landing
30/07/2022 10:25:14,176.53.223.253,landing
30/07/2022 10:27:39,176.53.218.178,landing
30/07/2022 10:30:49,124.221.247.200,landing
30/07/2022 10:38:55,117.187.106.196,landing
30/07/2022 10:38:55,117.187.106.196,landing
30/07/2022 10:38:55,117.187.106.196,landing
30/07/2022 10:46:47,106.75.2.164,landing
30/07/2022 10:46:48,106.75.2.164,landing
30/07/2022 10:46:48,106.75.2.164,landing
30/07/2022 10:46:48,106.75.2.164,landing
30/07/2022 11:30:45,89.104.100.11,landing
30/07/2022 12:16:48,45.90.63.193,landing
30/07/2022 12:18:10,106.75.5.104,landing
30/07/2022 12:18:12,106.75.5.104,landing
30/07/2022 12:18:42,106.75.5.104,landing
30/07/2022 12:25:21,185.181.60.39,landing
30/07/2022 13:22:32,104.208.115.163,landing
30/07/2022 13:22:33,104.208.115.163,landing
30/07/2022 13:22:34,104.208.115.163,landing
30/07/2022 13:23:59,20.247.115.158,landing
30/07/2022 13:24:00,20.247.115.158,landing
30/07/2022 13:24:00,20.247.115.158,landing
30/07/2022 13:26:13,164.90.241.135,landing
30/07/2022 13:26:13,216.131.84.8,landing
30/07/2022 13:26:13,81.174.131.125,landing
30/07/2022 13:26:13,84.17.42.44,landing
30/07/2022 13:26:21,45.221.70.20,landing
30/07/2022 14:00:08,176.53.219.253,landing
30/07/2022 14:33:13,176.53.219.35,landing
30/07/2022 16:02:07,54.145.116.72,landing
30/07/2022 16:50:10,54.36.162.160,landing
30/07/2022 16:50:13,54.36.162.160,landing
30/07/2022 16:50:14,54.36.162.160,landing
30/07/2022 16:50:17,54.36.162.160,landing
30/07/2022 16:50:40,54.36.162.160,landing
30/07/2022 17:17:21,45.90.60.191,landing
30/07/2022 17:21:07,15.204.142.133,landing
30/07/2022 19:09:57,221.145.150.110,landing
30/07/2022 19:10:56,34.207.194.89,landing
30/07/2022 19:11:02,221.152.56.52,landing
30/07/2022 19:11:21,34.207.194.89,landing
30/07/2022 19:11:25,106.255.213.189,landing
30/07/2022 20:05:26,151.106.120.184,landing
30/07/2022 20:47:36,167.71.154.251,landing
30/07/2022 20:47:37,103.111.79.60,landing
30/07/2022 21:19:42,176.53.220.163,landing
30/07/2022 22:34:02,176.53.218.228,landing
30/07/2022 22:57:23,34.207.194.89,landing
30/07/2022 22:57:25,77.218.35.186,landing
30/07/2022 22:57:55,54.227.32.154,landing
30/07/2022 23:24:55,14.51.228.44,landing
30/07/2022 23:24:57,202.165.166.227,landing
30/07/2022 23:25:03,118.37.242.174,landing
30/07/2022 23:25:09,54.227.32.154,landing
30/07/2022 23:25:49,34.207.226.20,landing
30/07/2022 23:33:23,20.54.123.195,landing
30/07/2022 23:36:49,176.53.221.35,landing
30/07/2022 23:44:25,149.202.180.22,landing
31/07/2022 00:18:17,52.189.225.183,landing
31/07/2022 00:18:18,52.189.225.183,landing
31/07/2022 00:18:19,52.189.225.183,landing
31/07/2022 00:18:58,69.25.58.56,landing
31/07/2022 00:36:40,38.108.182.5,landing
31/07/2022 01:30:27,109.248.175.127,landing
31/07/2022 01:32:52,181.214.107.201,landing
31/07/2022 01:32:53,181.214.107.201,landing
31/07/2022 01:32:54,181.214.107.201,landing
31/07/2022 01:41:03,213.58.234.218,landing
31/07/2022 01:46:23,120.35.11.210,landing
31/07/2022 01:49:44,8.41.221.58,landing
31/07/2022 02:09:51,176.53.222.137,landing
31/07/2022 02:17:36,20.229.51.198,landing
31/07/2022 02:51:13,3.72.85.111,landing
31/07/2022 02:51:14,3.72.85.111,landing
31/07/2022 02:58:55,195.201.41.238,landing
31/07/2022 03:14:21,51.142.138.92,landing
31/07/2022 03:14:22,51.142.138.92,landing
31/07/2022 03:14:22,51.142.138.92,landing
31/07/2022 03:15:56,20.229.51.198,landing
31/07/2022 04:06:44,123.212.196.73,landing
31/07/2022 04:07:16,121.138.201.173,landing
31/07/2022 04:07:33,211.105.147.102,landing
31/07/2022 04:07:52,61.105.119.223,landing
31/07/2022 04:23:00,20.229.51.198,landing
31/07/2022 04:39:59,87.89.48.69,landing
31/07/2022 04:59:20,3.237.17.43,landing
31/07/2022 06:00:20,45.90.60.42,landing
31/07/2022 06:17:34,216.131.88.4,landing
31/07/2022 06:17:35,20.79.223.156,landing
31/07/2022 06:17:35,81.174.131.125,landing
31/07/2022 06:25:47,213.58.234.217,landing
31/07/2022 06:26:08,213.58.234.217,results
31/07/2022 06:27:57,20.229.51.198,landing
31/07/2022 06:34:50,176.53.219.211,landing
31/07/2022 08:15:22,34.72.124.214,landing
31/07/2022 08:22:40,176.53.219.91,landing
31/07/2022 08:52:10,"unknown, 119.81.76.187",landing
31/07/2022 10:23:10,206.204.15.179,landing
31/07/2022 10:33:39,176.53.216.152,landing
31/07/2022 10:35:19,45.33.15.94,landing
31/07/2022 10:36:01,45.90.61.179,landing
31/07/2022 10:53:26,139.255.138.10,landing
31/07/2022 10:53:28,58.238.224.80,landing
31/07/2022 10:53:33,115.4.98.217,landing
31/07/2022 10:53:34,54.227.32.154,landing
31/07/2022 11:15:48,211.59.167.186,landing
31/07/2022 11:16:39,34.207.194.89,landing
31/07/2022 11:16:41,101.141.134.55,landing
31/07/2022 11:17:39,54.227.32.154,landing
31/07/2022 11:17:55,61.201.212.173,landing
31/07/2022 11:27:21,176.53.221.214,landing
31/07/2022 11:34:23,23.94.133.248,landing
31/07/2022 11:45:44,20.54.123.195,landing
31/07/2022 12:11:50,176.53.219.211,landing
31/07/2022 13:40:22,213.58.234.217,landing
31/07/2022 13:40:47,213.58.234.217,results
31/07/2022 13:44:33,213.58.234.217,results
31/07/2022 13:51:16,213.58.234.217,results
31/07/2022 14:00:09,176.53.223.14,landing
31/07/2022 14:32:45,51.254.199.11,landing
31/07/2022 14:33:02,89.104.111.40,landing
31/07/2022 15:43:27,173.249.24.73,landing
31/07/2022 15:51:14,88.99.95.199,landing
31/07/2022 16:19:14,46.4.33.48,landing
31/07/2022 16:36:47,153.199.105.190,landing
31/07/2022 16:37:04,34.207.194.89,landing
31/07/2022 16:37:50,54.227.32.154,landing
31/07/2022 17:03:22,54.36.148.25,landing
31/07/2022 17:17:32,89.104.110.87,landing
31/07/2022 19:02:33,95.177.176.174,landing
31/07/2022 20:15:44,52.189.225.183,landing
31/07/2022 20:15:44,52.189.225.183,landing
31/07/2022 20:15:45,52.189.225.183,landing
31/07/2022 20:34:23,212.113.172.7,landing
31/07/2022 21:07:22,45.90.61.14,landing
31/07/2022 21:51:55,212.113.172.10,results
31/07/2022 22:28:20,89.104.100.80,landing
31/07/2022 22:28:20,89.104.101.122,landing
31/07/2022 22:46:30,95.177.176.177,landing
01/08/2022 00:12:28,94.132.55.194,landing
01/08/2022 01:04:10,213.58.234.218,landing
01/08/2022 01:04:26,213.58.234.218,results
01/08/2022 01:06:02,52.189.225.183,landing
01/08/2022 01:06:02,52.189.225.183,landing
01/08/2022 01:06:03,52.189.225.183,landing
01/08/2022 01:07:14,213.58.234.218,results
01/08/2022 01:23:08,213.58.234.218,landing
01/08/2022 01:23:18,213.58.234.218,results
01/08/2022 01:24:43,213.58.234.218,landing
01/08/2022 01:24:52,213.58.234.218,results
01/08/2022 01:25:47,213.58.234.210,landing
01/08/2022 01:27:18,213.58.234.218,landing
01/08/2022 01:27:48,213.58.234.218,results
01/08/2022 01:33:29,213.58.234.218,landing
01/08/2022 01:33:40,213.58.234.218,results
01/08/2022 01:41:54,34.207.194.89,landing
01/08/2022 01:42:10,34.207.194.89,landing
01/08/2022 01:42:55,54.227.32.154,landing
01/08/2022 02:24:31,66.249.80.100,landing
01/08/2022 02:24:31,66.249.66.21,landing
01/08/2022 04:28:37,44.202.248.34,landing
01/08/2022 04:35:58,35.89.111.155,landing
01/08/2022 05:43:46,156.146.37.115,landing
01/08/2022 06:03:07,54.149.139.246,landing
01/08/2022 06:56:52,35.160.6.199,landing
01/08/2022 07:55:39,182.254.171.71,landing
01/08/2022 08:10:11,45.90.60.195,landing
01/08/2022 09:48:06,38.18.41.162,landing
01/08/2022 09:56:32,3.237.17.43,landing
01/08/2022 10:19:29,176.53.217.238,landing
01/08/2022 10:20:36,168.151.179.23,landing
01/08/2022 10:34:10,193.137.159.164,landing
01/08/2022 10:34:53,193.137.159.164,results
01/08/2022 10:35:39,193.137.159.164,results
01/08/2022 10:35:41,193.137.159.164,landing
01/08/2022 10:35:50,193.137.159.164,results
01/08/2022 10:39:48,193.137.159.164,landing
01/08/2022 10:41:03,193.137.159.164,landing
01/08/2022 10:41:04,193.137.30.93,landing
01/08/2022 10:41:16,193.137.159.164,results
01/08/2022 10:41:27,193.137.30.93,landing
01/08/2022 10:44:15,193.137.159.164,results
01/08/2022 10:51:03,193.137.159.164,landing
01/08/2022 10:52:03,193.137.159.164,results
01/08/2022 10:52:44,193.137.159.164,results
01/08/2022 11:27:18,176.53.216.73,landing
01/08/2022 12:00:55,20.54.123.195,landing
01/08/2022 12:15:17,176.53.217.81,landing
01/08/2022 13:17:20,152.39.135.60,landing
01/08/2022 13:18:48,213.58.234.218,landing
01/08/2022 13:20:48,95.177.176.177,landing
01/08/2022 13:26:33,216.151.180.4,landing
01/08/2022 13:26:34,216.131.114.6,landing
01/08/2022 13:26:34,81.174.131.125,landing
01/08/2022 13:26:34,102.165.41.35,landing
01/08/2022 13:43:46,193.137.30.93,landing
01/08/2022 13:44:40,193.137.30.93,results
01/08/2022 13:44:40,193.137.30.93,results
01/08/2022 13:54:23,193.137.30.93,results
01/08/2022 13:55:03,193.137.30.93,results
01/08/2022 13:55:06,193.137.30.93,landing
01/08/2022 13:55:13,193.137.30.93,results
01/08/2022 13:59:04,149.104.4.171,landing
01/08/2022 14:12:15,52.55.247.129,landing
01/08/2022 14:25:15,111.13.63.138,landing
01/08/2022 14:25:15,111.13.63.138,landing
01/08/2022 14:36:36,193.137.30.93,landing
01/08/2022 14:42:07,51.222.253.6,landing
01/08/2022 15:27:10,193.137.37.181,landing
01/08/2022 15:48:13,193.137.37.182,landing
01/08/2022 16:02:30,193.137.30.93,landing
01/08/2022 16:02:38,193.137.30.93,results
01/08/2022 16:03:41,193.137.30.93,results
01/08/2022 16:15:56,193.137.30.93,landing
01/08/2022 16:16:07,193.137.30.93,results
01/08/2022 16:16:07,193.137.30.93,results
01/08/2022 16:17:36,193.137.30.93,landing
01/08/2022 16:30:21,69.171.251.16,landing
01/08/2022 17:17:39,193.137.30.93,landing
01/08/2022 17:18:11,193.137.30.93,results
01/08/2022 17:18:29,193.137.37.182,landing
01/08/2022 17:18:32,193.137.37.182,results
01/08/2022 17:18:45,193.137.37.182,results
01/08/2022 17:23:08,193.137.30.93,landing
01/08/2022 17:23:12,193.137.30.93,results
01/08/2022 17:31:24,193.137.37.180,landing
01/08/2022 17:31:54,193.137.37.180,landing
01/08/2022 17:32:27,193.137.37.180,landing
01/08/2022 17:33:15,52.91.68.249,landing
01/08/2022 17:33:15,54.165.38.154,landing
01/08/2022 17:33:15,52.91.68.249,landing
01/08/2022 17:33:23,54.172.70.227,landing
01/08/2022 17:33:27,3.90.34.163,landing
01/08/2022 17:34:26,193.137.37.180,landing
01/08/2022 17:34:32,204.236.245.144,landing
01/08/2022 17:45:12,193.137.37.180,landing
01/08/2022 17:48:59,193.137.37.180,landing
01/08/2022 17:49:13,107.22.126.147,landing
01/08/2022 17:49:56,18.234.117.12,landing
01/08/2022 17:53:07,"unknown, 169.57.230.227",landing
01/08/2022 17:53:40,34.207.102.162,landing
01/08/2022 17:53:44,54.82.231.215,landing
01/08/2022 17:55:09,34.230.67.105,landing
01/08/2022 20:06:51,125.63.90.29,landing
01/08/2022 20:06:57,125.63.90.29,landing
01/08/2022 20:06:59,125.63.90.29,landing
01/08/2022 21:38:35,188.251.55.162,landing
01/08/2022 21:38:54,188.251.55.162,landing
01/08/2022 21:42:01,23.111.114.116,landing
01/08/2022 23:14:15,213.58.234.216,landing
01/08/2022 23:24:37,213.58.234.216,landing
01/08/2022 23:29:42,213.58.234.216,results
01/08/2022 23:30:26,213.58.234.216,results
01/08/2022 23:31:55,213.58.234.210,landing
01/08/2022 23:37:54,176.113.43.58,landing
01/08/2022 23:45:45,213.58.234.199,landing
01/08/2022 23:54:09,213.58.234.216,landing
01/08/2022 23:57:02,213.58.234.199,landing
01/08/2022 23:57:15,213.58.234.216,landing
02/08/2022 00:10:07,213.58.234.216,landing
02/08/2022 00:13:16,213.58.234.216,results
02/08/2022 00:20:17,213.58.234.199,landing
02/08/2022 00:22:28,213.58.234.216,landing
02/08/2022 00:43:41,"82.193.104.168, 172.68.238.54",landing
02/08/2022 00:44:45,"179.43.169.181, 172.70.250.127",landing
02/08/2022 00:44:51,"179.43.169.181, 172.70.250.127",landing
02/08/2022 00:45:10,"179.43.169.181, 172.70.242.37",landing
02/08/2022 01:01:59,213.58.234.216,landing
02/08/2022 01:02:21,213.58.234.216,landing
02/08/2022 01:02:42,213.58.234.216,landing
02/08/2022 01:03:39,213.58.234.216,landing
02/08/2022 01:04:36,213.58.234.216,landing
02/08/2022 01:04:40,213.58.234.216,landing
02/08/2022 01:04:45,213.58.234.216,landing
02/08/2022 01:06:28,213.58.234.216,landing
02/08/2022 01:17:08,213.58.234.216,results
02/08/2022 02:01:39,207.46.13.48,landing
02/08/2022 03:50:08,"213.58.234.216, 162.158.233.3",landing
02/08/2022 03:50:42,"213.58.234.216, 162.158.233.123",landing
02/08/2022 04:26:57,"76.164.198.173, 172.69.70.53",landing
02/08/2022 04:39:51,"52.140.114.221, 162.158.227.165",landing
02/08/2022 04:39:53,"52.140.114.221, 162.158.227.165",landing
02/08/2022 05:05:34,"20.211.113.43, 172.68.210.26",landing
02/08/2022 05:05:36,"20.211.113.43, 172.68.210.26",landing
02/08/2022 05:26:44,106.75.72.141,landing
02/08/2022 05:27:40,165.154.6.176,landing
02/08/2022 05:27:40,165.154.6.176,landing
02/08/2022 05:31:21,"39.103.178.23, 172.69.33.143",landing
02/08/2022 05:38:07,"52.139.181.91, 162.158.170.88",landing
02/08/2022 05:38:09,"52.139.181.91, 162.158.170.88",landing
02/08/2022 05:41:15,"95.177.176.174, 172.70.90.8",landing
02/08/2022 05:51:10,"106.75.134.236, 172.70.211.92",landing
02/08/2022 06:00:06,"176.53.217.182, 172.68.102.233",landing
02/08/2022 06:00:07,"20.79.203.173, 162.158.233.113",landing
02/08/2022 06:00:08,"20.79.203.173, 162.158.233.113",landing
02/08/2022 06:08:30,"34.217.50.125, 162.158.106.5",landing
02/08/2022 06:08:40,"34.208.159.126, 172.71.150.85",landing
02/08/2022 06:09:09,"34.221.218.92, 172.71.150.85",landing
02/08/2022 06:09:14,"35.89.182.108, 172.71.142.40",landing
02/08/2022 06:10:01,"34.212.181.253, 172.71.150.85",landing
02/08/2022 06:11:57,"35.89.210.178, 172.71.150.44",landing
02/08/2022 06:35:02,"176.113.43.115, 162.158.90.61",landing
02/08/2022 07:15:46,"128.199.91.164, 172.70.189.176",landing
02/08/2022 07:15:47,"128.199.91.164, 172.70.189.176",landing
02/08/2022 07:20:01,"51.255.62.4, 172.71.94.101",landing
02/08/2022 08:02:22,"2401:4900:1f2e:4422:4018:d0c4:ba1e:73ff, 172.70.218.69",landing
02/08/2022 08:07:23,"20.150.140.104, 172.69.33.178",landing
02/08/2022 08:07:24,"20.150.140.104, 172.69.33.178",landing
02/08/2022 08:16:15,"45.90.63.193, 172.68.102.137",landing
02/08/2022 08:28:01,"20.163.91.195, 172.70.207.13",landing
02/08/2022 09:41:23,"1.14.7.100, 172.69.33.207",landing
02/08/2022 09:53:31,"206.189.231.200, 172.70.110.47",landing
02/08/2022 09:55:45,"51.254.49.103, 141.101.76.163",landing
02/08/2022 10:08:33,"185.161.71.95, 172.70.214.91",landing
02/08/2022 10:22:44,"206.204.1.6, 172.70.211.92",landing
02/08/2022 10:24:31,"103.211.184.146, 172.69.33.238",landing
02/08/2022 10:24:46,"193.137.37.182, 172.68.102.137",landing
02/08/2022 10:32:38,"176.113.43.162, 172.70.242.71",landing
02/08/2022 10:35:25,"176.53.216.56, 172.68.102.233",landing
02/08/2022 10:41:25,"193.137.30.93, 172.68.102.137",landing
02/08/2022 10:42:20,"3.26.101.103, 172.68.146.41",landing
02/08/2022 10:42:22,"3.26.101.103, 172.68.146.41",landing
02/08/2022 10:43:36,"193.137.30.93, 172.68.102.187",landing
02/08/2022 10:45:48,"114.160.71.84, 172.70.122.38",landing
02/08/2022 10:48:13,"206.189.231.200, 172.70.230.151",landing
02/08/2022 10:52:25,"193.137.30.93, 172.68.102.187",results
02/08/2022 10:53:02,"193.137.30.93, 172.68.102.187",results
02/08/2022 10:54:55,"193.137.30.93, 172.68.102.137",results
02/08/2022 11:30:02,"89.104.100.22, 162.158.159.143",landing
02/08/2022 11:30:34,"36.155.90.183, 172.71.142.86",landing
02/08/2022 11:30:37,"36.155.90.183, 172.71.142.182",landing
02/08/2022 11:47:54,"206.189.231.200, 172.70.110.185",landing
02/08/2022 11:47:59,"206.189.231.200, 172.70.110.59",landing
02/08/2022 11:47:59,"206.189.231.200, 172.70.114.171",landing
02/08/2022 11:48:05,"206.189.231.200, 172.70.230.91",landing
02/08/2022 12:16:48,"103.141.91.222, 172.70.189.176",landing
02/08/2022 12:17:48,"20.54.123.195, 162.158.38.103",landing
02/08/2022 12:17:51,"45.90.62.176, 172.68.102.232",landing
02/08/2022 13:21:27,"51.81.167.146, 172.71.142.182",landing
02/08/2022 13:42:21,"193.137.30.93, 172.68.102.203",landing
02/08/2022 13:43:16,"193.137.30.93, 172.68.102.187",results
02/08/2022 14:00:06,"45.90.62.76, 172.68.102.203",landing
02/08/2022 14:01:24,"193.137.30.93, 162.158.22.219",landing
02/08/2022 14:24:11,"206.189.231.200, 172.70.110.185",landing
02/08/2022 14:24:16,"193.137.37.180, 172.68.102.187",landing
02/08/2022 14:24:22,"193.137.37.180, 172.68.102.187",landing
02/08/2022 14:24:33,"100.27.36.60, 172.70.175.105",landing
02/08/2022 14:27:58,"193.137.30.93, 172.68.102.203",landing
02/08/2022 14:28:43,"193.137.37.182, 162.158.129.11",landing
02/08/2022 14:28:48,"193.137.30.93, 172.68.102.233",landing
02/08/2022 14:29:05,"31.4.209.25, 172.70.61.149",landing
02/08/2022 14:29:25,"2a03:2880:31ff:11::face:b00c, 141.101.107.82",landing
02/08/2022 14:29:25,"2a03:2880:31ff:74::face:b00c, 162.158.50.123",landing
02/08/2022 14:29:26,"2a03:2880:31ff:1::face:b00c, 108.162.229.36",landing
02/08/2022 14:29:54,"2a03:2880:31ff:5::face:b00c, 141.101.68.137",landing
02/08/2022 14:29:55,"2a03:2880:31ff:5::face:b00c, 141.101.69.191",landing
02/08/2022 14:31:48,"193.137.37.180, 162.158.22.193",landing
02/08/2022 14:31:57,"31.4.209.25, 172.70.59.141",landing
02/08/2022 14:33:05,"45.90.60.149, 162.158.159.47",landing
02/08/2022 14:33:17,"193.137.37.181, 172.68.102.187",landing
02/08/2022 14:33:23,"193.137.37.181, 172.68.102.187",results
02/08/2022 14:33:56,"193.137.37.182, 172.68.102.187",landing
02/08/2022 14:34:00,"193.137.37.182, 172.68.102.187",results
02/08/2022 14:34:14,"193.137.37.182, 172.68.102.233",landing
02/08/2022 14:34:18,"193.137.37.182, 172.68.102.233",results
02/08/2022 14:34:46,"193.137.37.181, 172.68.102.187",landing
02/08/2022 14:34:50,"193.137.37.181, 172.68.102.187",results
02/08/2022 14:35:06,"193.136.53.11, 172.71.114.35",landing
02/08/2022 14:35:10,"193.136.53.11, 172.71.114.141",results
02/08/2022 14:35:31,"193.137.37.182, 172.68.102.203",landing
02/08/2022 14:35:35,"193.137.37.182, 172.68.102.203",results
02/08/2022 14:36:02,"87.196.80.89, 162.158.233.113",landing
02/08/2022 14:36:03,"87.196.80.89, 162.158.233.113",landing
02/08/2022 14:36:08,"31.4.209.25, 172.70.59.141",landing
02/08/2022 14:36:13,"87.196.80.89, 162.158.233.13",results
02/08/2022 14:36:45,"193.137.37.180, 172.68.102.233",landing
02/08/2022 14:36:51,"193.137.37.180, 172.68.102.233",results
02/08/2022 14:42:10,"194.210.210.70, 172.68.102.232",landing
02/08/2022 14:42:23,"194.210.210.70, 172.68.102.232",landing
02/08/2022 14:42:41,"3.233.1.97, 172.70.174.161",landing
02/08/2022 14:43:22,"24.162.89.224, 172.69.70.156",landing
02/08/2022 14:43:26,"31.4.149.189, 188.114.111.59",landing
02/08/2022 14:43:30,"31.4.149.189, 188.114.111.59",results
02/08/2022 14:43:45,"24.162.89.224, 172.69.70.156",results
02/08/2022 14:44:11,"87.221.239.173, 172.70.61.187",landing
02/08/2022 14:44:26,"194.210.210.70, 172.68.102.186",landing
02/08/2022 14:44:27,"130.160.193.1, 172.70.54.197",landing
02/08/2022 14:44:46,"31.221.172.244, 162.158.22.219",landing
02/08/2022 14:44:52,"31.221.172.244, 162.158.22.193",results
02/08/2022 14:45:11,"204.115.14.139, 172.70.131.79",landing
02/08/2022 14:45:52,"213.94.2.192, 172.70.57.137",landing
02/08/2022 14:45:54,"193.137.30.93, 172.68.102.233",landing
02/08/2022 14:45:55,"213.94.2.192, 172.70.61.149",results
02/08/2022 14:46:45,"176.83.45.44, 188.114.111.59",landing
02/08/2022 14:46:49,"79.147.123.173, 172.70.59.147",landing
02/08/2022 14:47:01,"79.147.123.173, 172.70.61.155",landing
02/08/2022 14:47:05,"79.147.123.173, 188.114.111.39",landing
02/08/2022 14:47:33,"193.137.37.182, 172.68.102.187",landing
02/08/2022 14:47:45,"81.37.32.128, 172.70.59.166",landing
02/08/2022 14:47:52,"81.37.32.128, 172.70.59.166",results
02/08/2022 14:47:54,"193.137.37.182, 172.68.102.187",results
02/08/2022 14:47:58,"54.85.162.204, 172.70.134.36",landing
02/08/2022 14:48:07,"18.212.156.130, 172.70.35.93",landing
02/08/2022 14:48:09,"54.88.149.57, 172.70.175.106",landing
02/08/2022 14:48:09,"2409:8c00:2411:101::1, 172.70.211.83",landing
02/08/2022 14:48:10,"2409:8c00:2411:101::1, 172.69.33.38",landing
02/08/2022 14:49:17,"52.90.213.95, 172.70.135.127",landing
02/08/2022 14:49:29,"2600:1005:b124:e004:81c6:c1f7:7eb2:6206, 108.162.237.179",landing
02/08/2022 14:49:36,"194.210.210.70, 162.158.22.218",landing
02/08/2022 14:49:58,"193.137.30.93, 172.68.102.233",landing
02/08/2022 14:50:40,"54.161.11.199, 172.70.134.37",landing
02/08/2022 14:51:07,"18.212.156.130, 172.70.175.55",landing
02/08/2022 14:51:08,"79.147.106.161, 188.114.111.59",landing
02/08/2022 14:51:12,"79.147.106.161, 172.70.59.139",results
02/08/2022 14:51:18,"81.37.27.72, 172.70.57.183",landing
02/08/2022 14:51:37,"79.147.106.161, 172.70.59.139",results
02/08/2022 14:52:21,"114.160.71.84, 172.70.222.102",landing
02/08/2022 14:52:31,"107.21.32.197, 172.70.38.202",landing
02/08/2022 14:53:21,"54.242.199.179, 172.70.135.128",landing
02/08/2022 14:53:37,"107.23.199.103, 172.70.38.105",landing
02/08/2022 14:54:25,"34.239.143.17, 172.70.135.76",landing
02/08/2022 14:54:53,"193.137.37.180, 162.158.129.77",landing
02/08/2022 14:54:57,"54.204.165.198, 172.70.175.106",landing
02/08/2022 14:55:01,"54.152.143.211, 172.70.175.106",landing
02/08/2022 14:55:42,"90.167.55.43, 172.70.57.183",landing
02/08/2022 14:55:42,"54.197.11.67, 172.70.175.56",landing
02/08/2022 14:55:49,"90.167.55.43, 172.70.57.183",results
02/08/2022 14:56:27,"18.234.182.27, 172.70.134.37",landing
02/08/2022 15:00:47,"23.115.13.127, 172.70.131.80",landing
02/08/2022 15:01:18,"81.37.16.220, 172.70.57.183",landing
02/08/2022 15:01:26,"81.37.16.220, 172.70.57.183",results
02/08/2022 15:01:29,"81.37.16.220, 172.70.57.183",results
02/08/2022 15:01:53,"208.180.250.170, 172.69.69.183",landing
02/08/2022 15:01:56,"208.180.250.170, 172.69.69.183",results
02/08/2022 15:03:03,"171.13.14.84, 172.70.214.91",landing
02/08/2022 15:03:36,"171.13.14.16, 172.70.206.211",landing
02/08/2022 15:04:09,"213.94.7.86, 188.114.111.47",landing
02/08/2022 15:04:52,"95.20.249.142, 172.70.59.195",landing
02/08/2022 15:04:58,"95.20.249.142, 172.70.59.195",results
02/08/2022 15:06:24,"148.69.196.32, 162.158.22.129",landing
02/08/2022 15:06:27,"148.69.196.32, 162.158.22.129",results
02/08/2022 15:08:53,"2409:8c00:2411:101::9, 172.70.211.58",landing
02/08/2022 15:08:53,"2409:8c00:2411:101::9, 172.70.206.167",landing
02/08/2022 15:09:36,"193.137.37.182, 172.68.102.203",landing
02/08/2022 15:09:45,"193.137.37.182, 172.68.102.203",results
02/08/2022 15:10:55,"12.172.58.186, 172.69.68.220",landing
02/08/2022 15:11:23,"12.172.58.186, 172.69.68.220",results
02/08/2022 15:14:16,"154.56.136.33, 172.70.59.185",landing
02/08/2022 15:14:24,"154.56.136.33, 172.70.59.185",results
02/08/2022 15:14:38,"154.56.136.33, 172.70.59.185",results
02/08/2022 15:15:52,"79.147.18.19, 172.70.57.155",landing
02/08/2022 15:18:09,"2600:387:c:6c18::3, 162.158.167.4",landing
02/08/2022 15:20:13,"171.13.14.43, 172.70.211.84",landing
02/08/2022 15:20:13,"171.13.14.76, 172.70.211.88",landing
02/08/2022 15:23:03,"42.236.10.78, 172.70.211.58",landing
02/08/2022 15:25:40,"96.58.159.31, 172.70.82.225",landing
02/08/2022 15:25:42,"42.236.10.125, 172.70.207.3",landing
02/08/2022 15:26:43,"64.189.201.138, 172.69.69.96",landing
02/08/2022 15:27:30,"64.189.201.138, 172.69.69.96",results
02/08/2022 15:28:24,"64.189.201.138, 172.69.69.96",results
02/08/2022 15:29:53,"87.218.13.252, 172.70.61.155",landing
02/08/2022 15:29:55,"87.218.13.252, 172.70.61.155",results
02/08/2022 15:30:00,"87.218.13.252, 172.70.61.155",results
02/08/2022 15:32:11,"81.9.195.196, 172.70.57.137",landing
02/08/2022 15:32:15,"81.9.195.196, 172.70.61.187",results
02/08/2022 15:36:25,"42.236.10.74, 172.70.206.119",landing
02/08/2022 15:36:33,"42.236.10.77, 172.70.206.170",landing
02/08/2022 15:36:40,"42.236.10.103, 172.70.211.58",landing
02/08/2022 15:38:25,"81.61.192.127, 188.114.111.24",landing
02/08/2022 15:38:28,"81.61.192.127, 172.70.57.182",results
02/08/2022 15:39:59,"84.125.109.165, 172.70.61.186",landing
02/08/2022 15:40:04,"84.125.109.165, 172.70.57.154",results
02/08/2022 15:40:09,"84.125.109.165, 172.70.57.154",landing
02/08/2022 15:40:13,"84.125.109.165, 172.70.57.154",results
02/08/2022 15:40:40,"176.176.74.153, 172.71.98.23",landing
02/08/2022 15:45:02,"79.144.184.97, 188.114.111.39",landing
02/08/2022 15:45:05,"79.144.184.97, 172.70.57.155",results
02/08/2022 16:03:57,"193.137.37.182, 172.68.102.137",results
02/08/2022 16:06:07,"95.105.127.70, 172.68.10.87",landing
02/08/2022 16:06:39,"79.144.85.70, 172.70.59.139",landing
02/08/2022 16:06:43,"79.144.85.70, 172.70.59.139",results
02/08/2022 16:06:47,"79.144.85.70, 172.70.59.139",results
02/08/2022 16:11:02,"193.175.5.182, 162.158.222.250",landing
02/08/2022 16:11:35,"193.175.5.182, 162.158.222.222",landing
02/08/2022 16:11:45,"2600:1006:b157:5c67:48b3:37ff:b540:a3f8, 172.71.26.15",landing
02/08/2022 16:22:18,"213.94.14.92, 172.71.114.35",landing
02/08/2022 16:24:12,"90.166.159.20, 172.70.61.154",landing
02/08/2022 16:24:21,"90.166.159.20, 172.70.59.166",results
02/08/2022 16:24:32,"90.166.159.20, 172.70.59.166",results
02/08/2022 16:24:34,"90.166.159.20, 172.70.59.166",results
02/08/2022 16:24:36,"90.166.159.20, 172.70.59.166",results
02/08/2022 16:24:37,"90.166.159.20, 172.70.59.166",results
02/08/2022 16:24:38,"90.166.159.20, 172.70.59.166",results
02/08/2022 16:24:40,"90.166.159.20, 172.70.59.166",results
02/08/2022 16:24:41,"90.166.159.20, 172.70.59.166",results
02/08/2022 16:24:42,"90.166.159.20, 172.70.59.166",results
02/08/2022 16:24:44,"90.166.159.20, 172.70.59.166",results
02/08/2022 16:24:46,"90.166.159.20, 172.70.59.166",results
02/08/2022 16:24:47,"90.166.159.20, 172.70.59.166",results
02/08/2022 16:24:49,"90.166.159.20, 172.70.59.166",results
02/08/2022 16:24:50,"90.166.159.20, 172.70.59.166",results
02/08/2022 16:24:51,"90.166.159.20, 172.70.59.166",results
02/08/2022 16:24:52,"90.166.159.20, 172.70.59.166",results
02/08/2022 16:24:54,"90.166.159.20, 172.70.59.166",results
02/08/2022 16:26:29,"90.166.159.20, 172.70.59.146",landing
02/08/2022 16:26:31,"90.166.159.20, 172.70.59.146",results
02/08/2022 16:26:36,"90.166.159.20, 172.70.59.146",results
02/08/2022 16:26:38,"90.166.159.20, 172.70.59.146",results
02/08/2022 16:26:40,"90.166.159.20, 172.70.59.146",results
02/08/2022 16:26:41,"90.166.159.20, 172.70.59.146",results
02/08/2022 16:26:43,"90.166.159.20, 172.70.59.146",results
02/08/2022 16:26:44,"90.166.159.20, 172.70.59.146",results
02/08/2022 16:26:45,"90.166.159.20, 172.70.59.146",results
02/08/2022 16:26:49,"90.166.159.20, 172.70.59.146",results
02/08/2022 16:26:50,"90.166.159.20, 172.70.59.146",results
02/08/2022 16:26:52,"90.166.159.20, 172.70.59.146",results
02/08/2022 16:26:54,"90.166.159.20, 172.70.59.146",results
02/08/2022 16:26:55,"90.166.159.20, 172.70.59.146",results
02/08/2022 16:26:57,"90.166.159.20, 172.70.59.146",results
02/08/2022 16:26:59,"90.166.159.20, 172.70.59.146",results
02/08/2022 16:27:06,"90.166.159.20, 172.70.59.146",results
02/08/2022 16:27:10,"90.166.159.20, 172.70.59.146",results
02/08/2022 16:27:11,"90.166.159.20, 172.70.59.146",results
02/08/2022 16:27:13,"90.166.159.20, 172.70.59.146",results
02/08/2022 16:27:15,"90.166.159.20, 172.70.59.146",results
02/08/2022 16:27:17,"90.166.159.20, 172.70.59.146",landing
02/08/2022 16:27:19,"90.166.159.20, 172.70.59.146",results
02/08/2022 16:27:21,"90.166.159.20, 172.70.59.146",results
02/08/2022 16:27:22,"90.166.159.20, 172.70.59.146",results
02/08/2022 16:27:24,"90.166.159.20, 172.70.59.146",results
02/08/2022 16:27:29,"90.166.159.20, 172.70.59.146",landing
02/08/2022 16:27:31,"90.166.159.20, 172.70.59.146",results
02/08/2022 16:27:32,"90.166.159.20, 172.70.59.146",results
02/08/2022 16:27:34,"90.166.159.20, 172.70.59.146",results
02/08/2022 16:27:35,"90.166.159.20, 172.70.59.146",results
02/08/2022 16:27:37,"90.166.159.20, 172.70.59.146",results
02/08/2022 16:27:38,"90.166.159.20, 172.70.59.146",results
02/08/2022 16:27:40,"90.166.159.20, 172.70.59.146",results
02/08/2022 16:27:41,"90.166.159.20, 172.70.59.146",results
02/08/2022 16:27:43,"90.166.159.20, 172.70.59.146",results
02/08/2022 16:27:44,"90.166.159.20, 172.70.59.146",results
02/08/2022 16:27:46,"90.166.159.20, 172.70.59.146",results
02/08/2022 16:27:48,"90.166.159.20, 172.70.59.146",results
02/08/2022 16:27:50,"90.166.159.20, 172.70.59.146",results
02/08/2022 16:27:51,"90.166.159.20, 172.70.59.146",results
02/08/2022 16:27:53,"90.166.159.20, 172.70.59.146",results
02/08/2022 16:27:55,"90.166.159.20, 172.70.59.146",results
02/08/2022 16:27:56,"90.166.159.20, 172.70.59.146",results
02/08/2022 16:27:58,"90.166.159.20, 172.70.59.146",results
02/08/2022 16:28:00,"90.166.159.20, 172.70.59.146",results
02/08/2022 16:28:01,"90.166.159.20, 172.70.59.146",results
02/08/2022 16:28:03,"90.166.159.20, 172.70.59.146",results
02/08/2022 16:28:05,"90.166.159.20, 172.70.59.146",results
02/08/2022 16:28:08,"90.166.159.20, 172.70.59.146",results
02/08/2022 16:28:10,"90.166.159.20, 172.70.59.146",results
02/08/2022 16:28:11,"90.166.159.20, 172.70.59.146",results
02/08/2022 16:28:13,"90.166.159.20, 172.70.59.146",results
02/08/2022 16:28:15,"90.166.159.20, 172.70.59.146",results
02/08/2022 16:28:17,"90.166.159.20, 172.70.59.146",results
02/08/2022 16:28:19,"90.166.159.20, 172.70.59.146",results
02/08/2022 16:28:20,"90.166.159.20, 172.70.59.146",results
02/08/2022 16:28:22,"90.166.159.20, 172.70.59.146",results
02/08/2022 16:28:23,"90.166.159.20, 172.70.59.146",results
02/08/2022 16:28:25,"90.166.159.20, 172.70.59.146",results
02/08/2022 16:28:27,"90.166.159.20, 172.70.59.146",results
02/08/2022 16:28:28,"90.166.159.20, 172.70.59.146",results
02/08/2022 16:28:31,"90.166.159.20, 172.70.59.146",results
02/08/2022 16:28:33,"90.166.159.20, 172.70.59.146",results
02/08/2022 16:28:35,"90.166.159.20, 172.70.59.146",results
02/08/2022 16:28:36,"90.166.159.20, 172.70.59.146",results
02/08/2022 16:28:38,"90.166.159.20, 172.70.59.146",results
02/08/2022 16:28:40,"90.166.159.20, 172.70.59.146",results
02/08/2022 16:28:42,"90.166.159.20, 172.70.59.146",results
02/08/2022 16:28:43,"90.166.159.20, 172.70.59.146",results
02/08/2022 16:28:45,"90.166.159.20, 172.70.59.146",results
02/08/2022 16:28:47,"90.166.159.20, 172.70.59.146",results
02/08/2022 16:28:49,"90.166.159.20, 172.70.59.146",results
02/08/2022 16:28:51,"90.166.159.20, 172.70.59.146",results
02/08/2022 16:28:54,"90.166.159.20, 172.70.59.146",results
02/08/2022 16:28:55,"90.166.159.20, 172.70.59.146",results
02/08/2022 16:28:57,"90.166.159.20, 172.70.59.146",results
02/08/2022 16:28:59,"90.166.159.20, 172.70.59.146",results
02/08/2022 16:29:01,"90.166.159.20, 172.70.59.146",results
02/08/2022 16:29:02,"90.166.159.20, 172.70.59.146",results
02/08/2022 16:29:04,"90.166.159.20, 172.70.59.146",results
02/08/2022 16:29:06,"90.166.159.20, 172.70.59.146",results
02/08/2022 16:29:07,"90.166.159.20, 172.70.59.146",results
02/08/2022 16:29:09,"90.166.159.20, 172.70.59.146",results
02/08/2022 16:29:11,"90.166.159.20, 172.70.59.146",results
02/08/2022 16:29:12,"90.166.159.20, 172.70.59.146",results
02/08/2022 16:29:13,"90.166.159.20, 172.70.59.146",results
02/08/2022 16:29:14,"90.166.159.20, 172.70.59.146",results
02/08/2022 16:29:16,"90.166.159.20, 172.70.59.146",results
02/08/2022 16:29:17,"90.166.159.20, 172.70.59.146",results
02/08/2022 16:29:18,"90.166.159.20, 172.70.59.146",results
02/08/2022 16:30:09,"107.127.0.122, 172.69.69.183",landing
02/08/2022 16:32:08,"2600:1700:f2f0:5040:1899:81c6:32be:8f7f, 172.69.69.144",landing
02/08/2022 16:32:13,"2600:1700:f2f0:5040:1899:81c6:32be:8f7f, 172.69.69.144",results
02/08/2022 16:39:09,"2600:387:c:2d1b::8, 108.162.237.95",landing
02/08/2022 16:47:06,"31.4.182.250, 172.70.61.149",landing
02/08/2022 16:50:21,"35.225.82.182, 172.71.22.153",landing
02/08/2022 16:50:22,"199.206.0.5, 172.69.70.115",landing
02/08/2022 16:50:39,"31.4.182.250, 172.70.59.143",landing
02/08/2022 16:50:41,"31.4.182.250, 172.70.59.143",results
02/08/2022 16:50:41,"31.4.182.250, 172.70.59.143",results
02/08/2022 16:50:43,"31.4.182.250, 172.70.57.137",results
02/08/2022 17:01:13,"194.210.210.70, 172.68.102.136",landing
02/08/2022 17:01:15,"194.210.210.70, 172.68.102.136",results
02/08/2022 17:01:32,"2603:9001:5a06:5e20:d590:4eed:804a:aa8d, 172.70.82.20",landing
02/08/2022 17:03:36,"90.94.200.36, 141.101.76.189",landing
02/08/2022 17:03:52,"90.94.200.36, 172.70.91.134",results
02/08/2022 17:03:58,"90.94.200.36, 172.70.91.134",results
02/08/2022 17:05:10,"31.4.156.3, 188.114.111.39",landing
02/08/2022 17:05:15,"31.4.156.3, 188.114.111.39",results
02/08/2022 17:05:16,"2a03:2880:31ff:d::face:b00c, 108.162.229.133",results
02/08/2022 17:05:17,"2a03:2880:31ff:5::face:b00c, 172.70.85.183",results
02/08/2022 17:05:18,"2a03:2880:31ff:9::face:b00c, 172.70.162.41",results
02/08/2022 17:05:19,"2a03:2880:31ff:10::face:b00c, 172.70.86.62",results
02/08/2022 17:05:19,"2a03:2880:31ff:14::face:b00c, 172.70.91.133",results
02/08/2022 17:05:20,"2a03:2880:31ff:10::face:b00c, 141.101.76.189",results
02/08/2022 17:05:20,"2a03:2880:31ff:b::face:b00c, 141.101.98.224",results
02/08/2022 17:05:21,"2a03:2880:31ff:6::face:b00c, 172.70.85.35",results
02/08/2022 17:05:46,"2a03:2880:32ff:12::face:b00c, 172.71.94.213",results
02/08/2022 17:07:48,"90.173.237.74, 172.70.59.195",landing
02/08/2022 17:09:07,"79.144.155.126, 188.114.111.39",landing
02/08/2022 17:09:14,"79.144.155.126, 172.70.61.187",results
02/08/2022 17:09:49,"79.144.155.126, 172.70.57.155",landing
02/08/2022 17:09:52,"79.144.155.126, 172.70.57.155",results
02/08/2022 17:13:19,"52.253.117.151, 172.70.122.147",landing
02/08/2022 17:13:21,"52.253.117.151, 172.70.122.147",landing
02/08/2022 17:19:48,"176.53.217.128, 172.68.102.233",landing
02/08/2022 17:21:02,"90.167.158.209, 172.70.61.187",landing
02/08/2022 17:21:29,"90.167.158.209, 172.70.59.141",results
02/08/2022 17:28:01,"2a02:26f7:d15e:4000:87bb:3a6:9d7:81ab, 108.162.221.219",landing
02/08/2022 17:28:07,"2a02:26f7:d15e:4000:87bb:3a6:9d7:81ab, 108.162.221.219",results
02/08/2022 17:28:23,"2a02:26f7:d15e:4000:87bb:3a6:9d7:81ab, 108.162.221.219",results
02/08/2022 17:30:27,"2a02:26f7:d149:4000:bec4:111d:a83a:814f, 172.69.69.186",results
02/08/2022 17:31:17,"2601:19c:527f:61a0:b0ce:9ce3:3e8d:97a0, 172.70.230.151",landing
02/08/2022 17:31:20,"172.0.160.216, 172.69.68.221",landing
02/08/2022 17:31:33,"2601:19c:527f:61a0:b0ce:9ce3:3e8d:97a0, 162.158.62.9",results
02/08/2022 17:31:38,"172.0.160.216, 172.69.68.221",landing
02/08/2022 17:53:38,"2600:1700:4f8:690:a5e7:8761:14ca:f14f, 172.69.68.221",landing
02/08/2022 18:14:03,"79.144.159.183, 172.70.57.155",landing
02/08/2022 18:28:43,"2600:387:1:803::3b, 172.69.69.80",landing
02/08/2022 18:29:59,"2600:387:1:803::3b, 172.69.69.80",results
02/08/2022 18:45:11,"31.4.136.55, 172.70.61.187",landing
02/08/2022 18:45:38,"31.4.136.55, 172.70.57.205",results
02/08/2022 18:45:46,"31.4.136.55, 172.70.57.205",results
02/08/2022 18:45:48,"31.4.136.55, 172.70.57.205",results
02/08/2022 18:54:06,"46.222.17.140, 172.70.57.137",landing
02/08/2022 19:03:47,"73.177.121.74, 172.71.22.107",landing
02/08/2022 19:04:18,"73.177.121.74, 172.71.22.107",results
02/08/2022 19:42:46,"193.137.30.93, 162.158.22.219",landing
02/08/2022 19:45:46,"193.137.30.93, 162.158.22.129",results
02/08/2022 19:46:25,"193.137.30.93, 162.158.22.129",results
02/08/2022 20:12:28,"39.123.17.79, 162.158.179.101",landing
02/08/2022 20:12:44,"210.113.127.7, 172.70.122.39",landing
02/08/2022 20:13:39,"34.207.194.89, 172.70.34.84",landing
02/08/2022 20:14:32,"54.227.32.154, 172.70.34.206",landing
02/08/2022 20:22:24,"31.221.189.239, 172.70.59.142",landing
02/08/2022 20:22:28,"31.221.189.239, 172.70.61.186",results
02/08/2022 20:38:09,"124.168.90.65, 172.68.146.4",landing
02/08/2022 20:39:44,"124.168.90.65, 172.69.62.56",results
02/08/2022 20:56:53,"213.58.234.216, 162.158.233.13",results
02/08/2022 21:23:16,"2603:3025:27b:4000:f447:e27f:4d73:956f, 172.71.26.87",landing
02/08/2022 21:32:21,"111.7.100.21, 172.71.142.96",landing
02/08/2022 21:34:00,"111.7.100.20, 172.71.150.9",landing
02/08/2022 21:34:03,"111.7.100.20, 172.71.150.9",landing
02/08/2022 21:37:46,"81.37.78.28, 172.70.57.205",landing
02/08/2022 21:38:13,"176.83.47.98, 188.114.111.39",landing
02/08/2022 21:49:28,"47.63.172.127, 172.70.61.149",landing
02/08/2022 21:49:45,"81.37.84.26, 172.70.61.149",landing
02/08/2022 21:50:35,"47.63.172.127, 172.70.61.149",results
02/08/2022 21:57:18,"47.62.175.183, 172.70.61.154",landing
02/08/2022 21:57:21,"47.62.175.183, 172.70.61.154",results
02/08/2022 22:11:28,"89.104.100.13, 172.68.102.233",landing
02/08/2022 22:17:56,"79.147.114.192, 172.70.59.185",landing
02/08/2022 22:18:04,"79.147.114.192, 172.70.61.187",results
02/08/2022 22:18:29,"31.221.157.108, 162.158.22.218",landing
02/08/2022 22:18:38,"31.221.157.108, 162.158.22.98",results
02/08/2022 22:33:42,"45.90.60.167, 172.70.91.134",landing
02/08/2022 22:52:46,"154.56.136.33, 172.70.59.181",landing
02/08/2022 22:52:49,"154.56.136.33, 172.70.59.181",results
02/08/2022 23:00:21,"185.70.173.215, 188.114.111.24",landing
02/08/2022 23:00:28,"185.70.173.215, 172.70.61.148",results
02/08/2022 23:00:35,"185.70.173.215, 172.70.61.148",landing
02/08/2022 23:00:58,"185.70.173.215, 172.70.61.148",results
02/08/2022 23:12:59,"20.213.166.150, 172.68.210.9",landing
02/08/2022 23:13:01,"20.213.166.150, 172.68.210.9",landing
02/08/2022 23:19:12,"128.199.91.164, 162.158.162.229",landing
02/08/2022 23:19:14,"128.199.91.164, 162.158.162.229",landing
02/08/2022 23:49:40,"81.61.192.127, 172.70.59.140",landing
02/08/2022 23:49:43,"81.61.192.127, 172.70.59.166",results
02/08/2022 23:55:35,"83.240.202.81, 172.70.162.41",results
02/08/2022 23:58:14,"213.94.4.99, 172.70.61.155",landing
02/08/2022 23:58:17,"213.94.4.99, 172.70.57.155",results
03/08/2022 00:22:35,"176.53.217.143, 172.68.102.137",landing
03/08/2022 00:47:45,"128.199.91.164, 172.70.189.42",landing
03/08/2022 00:47:47,"128.199.91.164, 172.70.189.42",landing
03/08/2022 01:03:16,"2607:fb90:af02:8e7f:31b5:1015:d572:2f63, 172.70.131.79",landing
03/08/2022 02:29:50,"51.68.111.184, 172.71.102.124",landing
03/08/2022 02:54:00,"3.142.236.229, 172.71.22.153",landing
03/08/2022 03:41:13,"114.160.71.84, 172.70.222.102",landing
03/08/2022 03:41:13,"114.160.71.84, 162.158.118.22",landing
03/08/2022 03:45:03,"157.55.39.124, 172.71.150.59",landing
03/08/2022 03:54:47,"89.104.101.111, 172.68.102.187",landing
03/08/2022 04:23:34,"27.96.106.222, 172.70.142.243",landing
03/08/2022 05:01:36,"34.146.142.202, 172.68.118.64",landing
03/08/2022 05:01:38,"34.146.142.202, 172.68.118.64",landing
03/08/2022 05:08:03,"34.93.59.79, 172.70.147.2",landing
03/08/2022 05:08:05,"34.93.59.79, 172.70.147.2",landing
03/08/2022 05:29:27,"2600:387:c:5510::b, 172.70.178.191",landing
03/08/2022 05:50:11,"20.211.113.43, 172.68.210.8",landing
03/08/2022 05:50:13,"20.211.113.43, 172.68.210.8",landing
03/08/2022 06:00:06,"89.104.100.8, 172.68.102.203",landing
03/08/2022 06:13:09,"2a02:4780:e:cad6::1, 172.70.142.105",landing
03/08/2022 06:13:09,"2a02:4780:e:cad6::1, 162.158.170.179",landing
03/08/2022 06:22:18,"87.221.32.150, 172.70.61.154",landing
03/08/2022 06:22:31,"87.221.32.150, 188.114.111.38",landing
03/08/2022 06:22:33,"87.221.32.150, 188.114.111.38",results
03/08/2022 06:27:34,"34.211.111.251, 108.162.246.76",landing
03/08/2022 06:31:22,"95.177.176.174, 172.71.94.186",landing
03/08/2022 06:35:05,"176.53.216.56, 172.68.102.233",landing
03/08/2022 06:39:01,"54.245.167.109, 172.71.142.85",landing
03/08/2022 06:39:02,"54.244.42.166, 172.71.150.151",landing
03/08/2022 06:39:20,"54.203.75.122, 172.71.146.83",landing
03/08/2022 06:39:31,"34.220.106.10, 172.71.142.85",landing
03/08/2022 07:52:24,"94.132.55.194, 162.158.22.193",landing
03/08/2022 08:00:27,"2601:940:c300:4e40:3013:96c3:dacb:4416, 108.162.237.251",landing
03/08/2022 08:21:53,"176.53.220.29, 172.68.102.187",landing
03/08/2022 08:26:43,"191.102.153.108, 172.70.230.86",landing
03/08/2022 09:21:49,"83.223.251.92, 172.70.162.193",landing
03/08/2022 09:59:53,"213.94.11.232, 172.70.59.147",landing
03/08/2022 10:39:08,"89.104.110.93, 172.68.102.137",landing
03/08/2022 10:42:08,"45.90.60.245, 172.70.85.34",landing
03/08/2022 11:27:31,"176.113.43.82, 172.70.246.93",landing
03/08/2022 12:16:15,"89.104.111.136, 172.68.102.186",landing
03/08/2022 12:27:50,"193.137.30.93, 172.68.102.203",results
03/08/2022 12:29:03,"20.25.160.145, 172.69.33.247",landing
03/08/2022 12:29:04,"20.25.160.145, 172.69.33.247",landing
03/08/2022 12:46:23,"31.4.156.73, 172.70.59.147",landing
03/08/2022 12:46:39,"31.4.156.73, 188.114.111.25",results
03/08/2022 13:08:13,"193.137.30.93, 172.68.102.137",landing
03/08/2022 13:08:39,"193.137.30.93, 172.68.102.137",results
03/08/2022 13:10:43,"193.137.30.93, 172.68.102.203",landing
03/08/2022 13:10:44,"193.137.30.93, 172.68.102.203",results
03/08/2022 13:10:44,"193.137.30.93, 172.68.102.203",landing
03/08/2022 13:10:45,"193.137.30.93, 172.68.102.203",results
03/08/2022 13:10:45,"193.137.30.93, 172.68.102.233",landing
03/08/2022 13:10:46,"193.137.30.93, 172.68.102.233",results
03/08/2022 13:10:47,"193.137.30.93, 172.68.102.137",landing
03/08/2022 13:10:47,"193.137.30.93, 172.68.102.137",results
03/08/2022 13:10:48,"193.137.30.93, 172.68.102.233",landing
03/08/2022 13:10:48,"193.137.30.93, 172.68.102.233",results
03/08/2022 13:17:50,"100.16.134.149, 172.70.114.171",landing
03/08/2022 13:17:54,"68.189.154.39, 172.70.174.87",results
03/08/2022 13:17:55,"193.137.30.93, 162.158.129.11",landing
03/08/2022 13:17:55,"193.137.30.93, 162.158.129.151",results
03/08/2022 13:17:57,"193.137.30.93, 162.158.129.151",landing
03/08/2022 13:17:58,"193.137.30.93, 162.158.129.77",results
03/08/2022 13:17:59,"193.137.30.93, 162.158.129.11",landing
03/08/2022 13:17:59,"193.137.30.93, 162.158.129.129",results
03/08/2022 13:18:00,"193.137.30.93, 162.158.129.11",landing
03/08/2022 13:18:00,"193.137.30.93, 162.158.129.129",results
03/08/2022 13:18:01,"193.137.30.93, 162.158.129.77",landing
03/08/2022 13:18:02,"193.137.30.93, 162.158.129.151",results
03/08/2022 13:18:02,"193.137.30.93, 162.158.129.129",landing
03/08/2022 13:18:03,"193.137.30.93, 162.158.129.11",results
03/08/2022 13:18:04,"193.137.30.93, 162.158.129.129",landing
03/08/2022 13:18:04,"193.137.30.93, 162.158.129.11",landing
03/08/2022 13:18:05,"193.137.30.93, 162.158.129.77",results
03/08/2022 13:18:05,"193.137.30.93, 162.158.129.151",landing
03/08/2022 13:18:06,"193.137.30.93, 162.158.129.151",results
03/08/2022 13:18:06,"193.137.30.93, 162.158.129.151",landing
03/08/2022 13:18:07,"193.137.30.93, 162.158.129.11",landing
03/08/2022 13:18:08,"193.137.30.93, 162.158.129.129",landing
03/08/2022 13:18:08,"193.137.30.93, 162.158.129.77",results
03/08/2022 13:18:09,"193.137.30.93, 162.158.129.151",landing
03/08/2022 13:18:09,"193.137.30.93, 162.158.129.77",results
03/08/2022 13:18:10,"193.137.30.93, 162.158.129.151",landing
03/08/2022 13:18:11,"193.137.30.93, 162.158.129.129",results
03/08/2022 13:18:11,"193.137.30.93, 162.158.129.11",landing
03/08/2022 13:18:12,"193.137.30.93, 162.158.129.129",results
03/08/2022 13:18:12,"193.137.30.93, 162.158.129.11",landing
03/08/2022 13:18:13,"193.137.30.93, 162.158.129.11",results
03/08/2022 13:18:13,"193.137.30.93, 162.158.129.77",landing
03/08/2022 13:18:14,"193.137.30.93, 162.158.129.11",results
03/08/2022 13:18:14,"193.137.30.93, 162.158.129.129",landing
03/08/2022 13:18:15,"193.137.30.93, 162.158.129.11",results
03/08/2022 13:18:15,"193.137.30.93, 162.158.129.129",landing
03/08/2022 13:18:16,"193.137.30.93, 162.158.129.151",results
03/08/2022 13:18:17,"193.137.30.93, 162.158.129.77",landing
03/08/2022 13:18:17,"193.137.30.93, 162.158.129.151",results
03/08/2022 13:18:18,"193.137.30.93, 162.158.129.77",landing
03/08/2022 13:18:18,"193.137.30.93, 162.158.129.129",results
03/08/2022 13:18:19,"193.137.30.93, 162.158.129.11",landing
03/08/2022 13:18:19,"193.137.30.93, 162.158.129.151",results
03/08/2022 13:18:20,"193.137.30.93, 162.158.129.77",landing
03/08/2022 13:18:21,"193.137.30.93, 162.158.129.151",results
03/08/2022 13:18:21,"193.137.30.93, 162.158.129.77",landing
03/08/2022 13:18:22,"193.137.30.93, 162.158.129.11",results
03/08/2022 13:18:23,"193.137.30.93, 162.158.129.129",landing
03/08/2022 13:18:23,"193.137.30.93, 162.158.129.11",results
03/08/2022 13:18:40,"193.137.30.93, 162.158.129.77",landing
03/08/2022 13:18:41,"193.137.30.93, 162.158.129.151",results
03/08/2022 13:18:41,"193.137.30.93, 162.158.129.77",landing
03/08/2022 13:18:42,"193.137.30.93, 162.158.129.11",results
03/08/2022 13:18:42,"193.137.30.93, 162.158.129.11",landing
03/08/2022 13:18:43,"193.137.30.93, 162.158.129.151",results
03/08/2022 13:18:44,"193.137.30.93, 162.158.129.77",landing
03/08/2022 13:18:44,"193.137.30.93, 162.158.129.11",results
03/08/2022 13:18:45,"193.137.30.93, 162.158.129.129",landing
03/08/2022 13:18:45,"193.137.30.93, 162.158.129.129",results
03/08/2022 13:18:46,"193.137.30.93, 162.158.129.129",landing
03/08/2022 13:18:47,"193.137.30.93, 162.158.129.77",results
03/08/2022 13:18:48,"193.137.30.93, 162.158.129.129",landing
03/08/2022 13:18:48,"193.137.30.93, 162.158.129.11",results
03/08/2022 13:18:49,"193.137.30.93, 162.158.129.129",landing
03/08/2022 13:18:49,"193.137.30.93, 162.158.129.11",results
03/08/2022 13:18:51,"193.137.30.93, 162.158.129.77",landing
03/08/2022 13:18:52,"193.137.30.93, 162.158.129.151",results
03/08/2022 13:18:52,"193.137.30.93, 162.158.129.11",landing
03/08/2022 13:18:53,"193.137.30.93, 162.158.129.129",results
03/08/2022 13:18:54,"193.137.30.93, 162.158.129.151",landing
03/08/2022 13:18:54,"193.137.30.93, 162.158.129.77",results
03/08/2022 13:19:19,"193.137.30.93, 162.158.129.129",landing
03/08/2022 13:19:20,"193.137.30.93, 162.158.129.11",results
03/08/2022 13:19:22,"193.137.30.93, 162.158.129.77",landing
03/08/2022 13:19:22,"193.137.30.93, 162.158.129.77",results
03/08/2022 13:19:23,"193.137.30.93, 162.158.129.129",landing
03/08/2022 13:19:24,"193.137.30.93, 162.158.129.11",results
03/08/2022 13:19:24,"193.137.30.93, 162.158.129.77",landing
03/08/2022 13:19:25,"193.137.30.93, 162.158.129.151",results
03/08/2022 13:19:25,"193.137.30.93, 162.158.129.11",landing
03/08/2022 13:19:26,"193.137.30.93, 162.158.129.151",results
03/08/2022 13:19:27,"193.137.30.93, 162.158.129.129",landing
03/08/2022 13:19:27,"193.137.30.93, 162.158.129.11",results
03/08/2022 13:19:28,"193.137.30.93, 162.158.129.129",landing
03/08/2022 13:19:28,"193.137.30.93, 162.158.129.11",results
03/08/2022 13:19:29,"193.137.30.93, 162.158.129.151",landing
03/08/2022 13:19:30,"193.137.30.93, 162.158.129.77",results
03/08/2022 13:19:30,"193.137.30.93, 162.158.129.129",landing
03/08/2022 13:19:31,"193.137.30.93, 162.158.129.11",results
03/08/2022 13:19:31,"193.137.30.93, 162.158.129.11",landing
03/08/2022 13:19:32,"193.137.30.93, 162.158.129.77",results
03/08/2022 13:19:32,"193.137.30.93, 162.158.129.151",landing
03/08/2022 13:19:33,"193.137.30.93, 162.158.129.77",results
03/08/2022 13:19:34,"193.137.30.93, 162.158.129.151",landing
03/08/2022 13:19:34,"193.137.30.93, 162.158.129.151",results
03/08/2022 13:19:35,"193.137.30.93, 162.158.129.77",landing
03/08/2022 13:19:35,"193.137.30.93, 162.158.129.151",results
03/08/2022 13:19:36,"193.137.30.93, 162.158.129.129",landing
03/08/2022 13:19:37,"193.137.30.93, 162.158.129.151",results
03/08/2022 13:19:37,"193.137.30.93, 162.158.129.77",landing
03/08/2022 13:19:38,"193.137.30.93, 162.158.129.11",results
03/08/2022 13:19:38,"193.137.30.93, 162.158.129.151",landing
03/08/2022 13:19:39,"193.137.30.93, 162.158.129.129",results
03/08/2022 13:19:40,"193.137.30.93, 162.158.129.77",landing
03/08/2022 13:19:40,"193.137.30.93, 162.158.129.77",results
03/08/2022 13:19:41,"193.137.30.93, 162.158.129.151",landing
03/08/2022 13:19:41,"193.137.30.93, 162.158.129.11",results
03/08/2022 13:19:42,"193.137.30.93, 162.158.129.129",landing
03/08/2022 13:19:43,"193.137.30.93, 162.158.129.129",results
03/08/2022 13:19:43,"193.137.30.93, 162.158.129.129",landing
03/08/2022 13:19:44,"193.137.30.93, 162.158.129.151",results
03/08/2022 13:19:45,"193.137.30.93, 162.158.129.77",landing
03/08/2022 13:19:45,"193.137.30.93, 162.158.129.77",results
03/08/2022 13:19:46,"193.137.30.93, 162.158.129.77",landing
03/08/2022 13:19:46,"193.137.30.93, 162.158.129.129",results
03/08/2022 13:19:47,"193.137.30.93, 162.158.129.11",landing
03/08/2022 13:19:47,"193.137.30.93, 162.158.129.77",results
03/08/2022 13:19:48,"193.137.30.93, 162.158.129.151",landing
03/08/2022 13:19:49,"193.137.30.93, 162.158.129.77",results
03/08/2022 13:19:49,"193.137.30.93, 162.158.129.151",landing
03/08/2022 13:19:50,"193.137.30.93, 162.158.129.129",results
03/08/2022 13:19:50,"193.137.30.93, 162.158.129.151",landing
03/08/2022 13:19:51,"193.137.30.93, 162.158.129.11",results
03/08/2022 13:19:52,"193.137.30.93, 162.158.129.77",landing
03/08/2022 13:19:52,"193.137.30.93, 162.158.129.129",results
03/08/2022 13:19:53,"193.137.30.93, 162.158.129.77",landing
03/08/2022 13:19:53,"193.137.30.93, 162.158.129.151",results
03/08/2022 13:19:54,"193.137.30.93, 162.158.129.11",landing
03/08/2022 13:19:55,"193.137.30.93, 162.158.129.129",results
03/08/2022 13:19:55,"193.137.30.93, 162.158.129.11",landing
03/08/2022 13:19:56,"193.137.30.93, 162.158.129.77",results
03/08/2022 13:19:56,"193.137.30.93, 162.158.129.151",landing
03/08/2022 13:19:57,"193.137.30.93, 162.158.129.77",results
03/08/2022 13:19:57,"193.137.30.93, 162.158.129.151",landing
03/08/2022 13:19:58,"193.137.30.93, 162.158.129.129",results
03/08/2022 13:19:59,"193.137.30.93, 162.158.129.129",landing
03/08/2022 13:19:59,"193.137.30.93, 162.158.129.129",results
03/08/2022 13:20:00,"193.137.30.93, 162.158.129.11",landing
03/08/2022 13:20:01,"193.137.30.93, 162.158.129.129",results
03/08/2022 13:20:01,"193.137.30.93, 162.158.129.11",landing
03/08/2022 13:20:02,"193.137.30.93, 162.158.129.77",results
03/08/2022 13:20:02,"193.137.30.93, 162.158.129.151",landing
03/08/2022 13:20:03,"193.137.30.93, 162.158.129.77",results
03/08/2022 13:20:47,"99.23.153.79, 108.162.216.90",landing
03/08/2022 13:21:47,"24.161.29.198, 172.70.230.91",results
03/08/2022 13:21:51,"193.137.30.93, 162.158.129.151",landing
03/08/2022 13:21:52,"193.137.30.93, 162.158.129.77",results
03/08/2022 13:21:52,"193.137.30.93, 162.158.129.77",landing
03/08/2022 13:21:53,"193.137.30.93, 162.158.129.151",results
03/08/2022 13:22:43,"193.137.30.93, 162.158.129.151",landing
03/08/2022 13:22:44,"193.137.30.93, 162.158.129.77",results
03/08/2022 13:22:44,"193.137.30.93, 162.158.129.77",landing
03/08/2022 13:22:45,"193.137.30.93, 162.158.129.151",results
03/08/2022 13:22:46,"193.137.30.93, 162.158.129.11",landing
03/08/2022 13:22:46,"193.137.30.93, 162.158.129.151",results
03/08/2022 13:22:47,"193.137.30.93, 162.158.129.129",landing
03/08/2022 13:22:47,"193.137.30.93, 162.158.129.11",results
03/08/2022 13:22:48,"193.137.30.93, 162.158.129.129",landing
03/08/2022 13:22:48,"193.137.30.93, 162.158.129.11",results
03/08/2022 13:22:49,"193.137.30.93, 162.158.129.77",landing
03/08/2022 13:22:50,"193.137.30.93, 162.158.129.151",results
03/08/2022 13:26:07,"174.50.100.245, 172.70.54.197",landing
03/08/2022 13:26:17,"172.89.9.65, 172.70.214.191",results
03/08/2022 13:28:39,"98.159.128.149, 172.70.38.187",landing
03/08/2022 13:28:58,"204.14.250.215, 172.70.110.55",results
03/08/2022 13:29:21,"200.105.215.18, 162.158.99.156",landing
03/08/2022 13:47:10,"95.127.252.159, 172.70.59.180",landing
03/08/2022 13:47:14,"95.127.252.159, 172.70.59.180",results
03/08/2022 13:48:05,"194.210.209.147, 172.68.102.232",landing
03/08/2022 13:48:12,"194.210.209.147, 172.68.102.232",results
03/08/2022 13:48:24,"193.137.37.182, 172.68.102.233",landing
03/08/2022 13:48:29,"193.137.37.182, 172.68.102.233",results
03/08/2022 13:48:50,"193.137.37.182, 172.68.102.137",landing
03/08/2022 13:48:54,"193.137.37.182, 162.158.22.129",landing
03/08/2022 13:48:55,"193.137.37.182, 172.68.102.137",results
03/08/2022 13:49:01,"193.137.37.182, 162.158.22.129",results
03/08/2022 13:51:26,"193.137.37.182, 172.68.102.137",landing
03/08/2022 13:51:36,"193.137.37.182, 172.68.102.137",results
03/08/2022 13:51:47,"193.137.30.93, 172.68.102.203",landing
03/08/2022 13:51:48,"193.137.30.93, 172.68.102.187",landing
03/08/2022 13:51:56,"193.137.30.93, 172.68.102.187",results
03/08/2022 13:52:04,"193.137.30.93, 172.68.102.137",results
03/08/2022 13:54:35,"82.203.162.10, 162.158.134.72",landing
03/08/2022 13:54:39,"82.203.162.10, 162.158.134.12",results
03/08/2022 13:54:41,"193.229.108.38, 172.71.98.45",results
03/08/2022 13:54:45,"82.203.162.10, 162.158.134.12",landing
03/08/2022 13:54:47,"82.203.162.10, 162.158.134.12",results
03/08/2022 13:54:50,"82.203.162.10, 162.158.134.12",landing
03/08/2022 13:54:50,"193.137.37.182, 162.158.22.193",landing
03/08/2022 13:54:51,"82.203.162.10, 162.158.134.12",results
03/08/2022 13:54:53,"2600:387:f:5510::7, 108.162.221.137",landing
03/08/2022 13:54:53,"82.203.162.10, 162.158.134.12",landing
03/08/2022 13:54:55,"82.203.162.10, 162.158.134.12",results
03/08/2022 13:54:57,"193.137.37.182, 162.158.22.193",results
03/08/2022 13:55:02,"82.203.162.10, 162.158.134.12",landing
03/08/2022 13:55:04,"82.203.162.10, 162.158.134.12",results
03/08/2022 13:55:05,"193.137.37.182, 162.158.22.193",results
03/08/2022 13:55:07,"193.137.37.182, 162.158.22.193",results
03/08/2022 13:55:23,"52.151.252.88, 172.70.35.94",landing
03/08/2022 13:55:24,"52.151.252.88, 172.70.35.94",landing
03/08/2022 14:00:05,"45.90.61.221, 172.68.102.137",landing
03/08/2022 14:17:53,"51.250.80.131, 172.68.11.60",landing
03/08/2022 14:18:27,"193.137.30.93, 172.68.102.137",results
03/08/2022 14:18:28,"92.249.32.202, 172.70.222.120",landing
03/08/2022 14:18:52,"174.44.112.159, 172.70.230.24",landing
03/08/2022 14:19:00,"76.175.235.39, 172.70.211.18",results
03/08/2022 14:19:21,"24.0.60.39, 172.70.114.170",landing
03/08/2022 14:19:26,"76.113.173.49, 172.70.127.28",results
03/08/2022 14:20:15,"92.249.32.202, 172.68.118.160",landing
03/08/2022 14:20:23,"92.249.32.202, 172.70.122.166",results
03/08/2022 14:20:38,"51.250.80.131, 172.68.10.231",landing
03/08/2022 14:21:03,"186.44.89.145, 172.70.54.196",landing
03/08/2022 14:21:13,"64.150.226.75, 108.162.210.109",results
03/08/2022 14:22:58,"193.137.30.93, 162.158.129.129",results
03/08/2022 14:23:29,"107.178.206.212, 172.70.131.26",landing
03/08/2022 14:23:47,"148.69.196.32, 162.158.22.219",results
03/08/2022 14:24:43,"148.69.196.32, 172.71.114.35",results
03/08/2022 14:33:35,"89.104.111.13, 172.70.162.245",landing
03/08/2022 14:34:43,"198.199.122.231, 172.70.110.54",landing
03/08/2022 14:34:44,"198.199.122.231, 172.70.110.146",results
03/08/2022 14:34:46,"2001:19f0:5:2b87:5400:3ff:feeb:bb2b, 172.70.114.139",landing
03/08/2022 14:34:47,"2001:19f0:5:2b87:5400:3ff:feeb:bb2b, 172.70.114.139",results
03/08/2022 14:39:38,"198.199.122.231, 172.70.110.242",landing
03/08/2022 14:39:39,"198.199.122.231, 172.70.230.90",results
03/08/2022 14:39:59,"148.69.196.32, 162.158.22.193",results
03/08/2022 14:40:14,"2001:19f0:5:2b87:5400:3ff:feeb:bb2b, 172.70.114.171",landing
03/08/2022 14:40:15,"2001:19f0:5:2b87:5400:3ff:feeb:bb2b, 172.70.230.87",results
03/08/2022 14:41:50,"157.100.12.138, 172.70.54.253",landing
03/08/2022 14:41:52,"157.100.12.138, 172.70.254.85",results
03/08/2022 14:42:11,"204.199.174.77, 172.70.82.143",landing
03/08/2022 14:42:13,"204.199.174.77, 172.70.254.125",results
03/08/2022 14:42:17,"204.199.174.77, 172.70.54.197",landing
03/08/2022 14:42:20,"204.199.174.77, 172.70.254.119",results
03/08/2022 14:43:22,"204.199.174.77, 172.70.82.225",landing
03/08/2022 14:43:24,"204.199.174.77, 172.70.254.139",results
03/08/2022 14:44:01,"204.199.174.77, 172.70.54.197",landing
03/08/2022 14:44:03,"204.199.174.77, 172.70.82.143",results
03/08/2022 14:45:05,"204.199.174.77, 172.70.254.125",landing
03/08/2022 14:45:08,"204.199.174.77, 172.70.82.21",results
03/08/2022 14:47:16,"204.199.174.77, 172.70.54.253",landing
03/08/2022 14:47:18,"204.199.174.77, 172.70.54.137",results
03/08/2022 14:47:42,"204.199.174.77, 172.70.82.225",landing
03/08/2022 14:47:45,"204.199.174.77, 172.70.54.197",results
03/08/2022 14:49:06,"204.199.174.77, 172.70.82.143",landing
03/08/2022 14:49:09,"204.199.174.77, 172.70.54.105",results
03/08/2022 14:49:22,"204.199.174.77, 108.162.210.227",landing
03/08/2022 14:49:24,"204.199.174.77, 108.162.210.171",results
03/08/2022 14:50:27,"204.199.174.77, 172.70.54.253",landing
03/08/2022 14:50:29,"204.199.174.77, 172.70.82.143",results
03/08/2022 14:51:39,"186.249.35.80, 172.70.82.225",landing
03/08/2022 14:51:41,"186.249.35.80, 172.70.54.197",results
03/08/2022 15:00:44,"52.199.142.215, 172.68.118.85",landing
03/08/2022 15:00:47,"52.199.142.215, 172.70.222.103",landing
03/08/2022 15:00:49,"52.199.142.215, 172.70.222.121",results
03/08/2022 15:02:39,"18.180.165.62, 172.70.122.215",landing
03/08/2022 15:03:16,"18.180.165.62, 172.70.122.147",landing
03/08/2022 15:03:19,"18.180.165.62, 172.70.222.131",results
03/08/2022 15:04:13,"103.167.170.150, 172.70.92.137",landing
03/08/2022 15:04:16,"103.167.170.150, 172.70.142.243",landing
03/08/2022 15:04:18,"103.167.170.150, 172.70.92.137",results
03/08/2022 15:07:23,"193.137.37.181, 162.158.22.193",landing
03/08/2022 15:07:29,"193.137.37.181, 162.158.22.129",results
03/08/2022 15:21:29,"193.137.37.180, 172.68.102.187",results
03/08/2022 15:21:44,"193.137.37.180, 172.68.102.187",results
03/08/2022 15:22:04,"193.137.37.182, 162.158.129.77",results